<?xml version="1.0" encoding="ISO-8859-1" ?>
<?xml-stylesheet type="text/xsl" href="drcss.xsl"?>
<drcreport>
  <header>counter1</header>
  <drc>
    <status>C:\Microchip\Libero_SoC_2025.1\Libero_SoC\Designer/data/drcreport\warn.png</status>
    <StatusMessage>Warning</StatusMessage>
    <message>Floating Driver</message>
    <detail>Floating output pin datapath_0:outp</detail>
    <crossprobe>liberoaction://cross_probe/smartdesign/counter1/pins/datapath_0:outp</crossprobe>
  </drc>
</drcreport>
