<?xml version="1.0" encoding="ISO-8859-1" ?>
<?xml-stylesheet type="text/xsl" href="drcss.xsl"?>
<drcreport>
  <header>controlunit</header>
  <drc>
    <status>C:\Microchip\Libero_SoC_2025.1\Libero_SoC\Designer/data/drcreport\error.png</status>
    <StatusMessage>Error</StatusMessage>
    <message>Undriven Pin</message>
    <detail>Unconnected input pin AND3_0:A</detail>
    <crossprobe>liberoaction://cross_probe/smartdesign/controlunit/pins/AND3_0:A</crossprobe>
  </drc>
  <drc>
    <status>C:\Microchip\Libero_SoC_2025.1\Libero_SoC\Designer/data/drcreport\error.png</status>
    <StatusMessage>Error</StatusMessage>
    <message>Undriven Pin</message>
    <detail>Unconnected input pin AND3_0:B</detail>
    <crossprobe>liberoaction://cross_probe/smartdesign/controlunit/pins/AND3_0:B</crossprobe>
  </drc>
  <drc>
    <status>C:\Microchip\Libero_SoC_2025.1\Libero_SoC\Designer/data/drcreport\error.png</status>
    <StatusMessage>Error</StatusMessage>
    <message>Undriven Pin</message>
    <detail>Unconnected input pin AND3_0:C</detail>
    <crossprobe>liberoaction://cross_probe/smartdesign/controlunit/pins/AND3_0:C</crossprobe>
  </drc>
</drcreport>
