<?xml version="1.0" encoding="ISO-8859-1" ?>
<?xml-stylesheet type="text/xsl" href="drcss.xsl"?>
<drcreport>
  <header>datapath</header>
  <drc>
    <status>C:\Microchip\Libero_SoC_2025.1\Libero_SoC\Designer/data/drcreport\error.png</status>
    <StatusMessage>Error</StatusMessage>
    <message>Undriven Pin</message>
    <detail>Unconnected input pin MUX2_1_0:A[7:0]</detail>
    <crossprobe>liberoaction://cross_probe/smartdesign/datapath/pins/MUX2_1_0:A</crossprobe>
  </drc>
</drcreport>
